A11/12	IRON ATTACK!	IRON-CHINO
C19	アイアンブリル	miltina
C5	あかぎれ堂	逢魔刻壱
A7	AbsoЯute Zero	Rute
C23/24	AbsoluteZero	Mizuki
A9	Alstroemeria Records	Masayoshi Minoshima
A17/18	IOSYS	たくや
B27	1569	菊壱モンジ
A6	A-One	ELEMENTAS
B32	ETERNAL LAND	6U☆
B25/26	海賊帆船	蒼馬みずき
B2	ガネメ	ガネメ
B14	Casket	Escarmew
C1	kuma-puro	小路あゆむ
B13	CrazyBeats	もっちー
A14	GET IN THE RING	GCHM
A3	交響アクティブNEETs	いんどなめこ
B29	胡玉書厨	胡玉
B19/20	コロコロうどん	ののこ
B3/4	彩音 〜xi-on〜	彩音 〜xi-on〜
C9/10	SIDEREAL	蒼ノ龍
B11/12	Sound Refil	たくろす
C2	さくらアイス	sakura
B21/22	GP-KIDS	高菜しんの
B10	CielArc	MxRxI
B28	四季堂本舗	ひととせ
A1	少女フラクタル	sato
A8	森羅万象	kaztora
B24	STUDIOはまち組	みずきひとし
C31/32	すなめりドリル	佐倉ちの
C21/22	酢.M.A.P	すだっちー
C11	粗茶	粗茶
C20	大吉倶楽部	じゃこ
A15/16	TAMUSIC	TAM
B1	TsuBaKi	Napoleon
B9	天秤亭	さらっと
A4	東京アクティブNEETs	紅い流星
B30	東方旅行倶楽部	東葉旅人
C6	ナギヤマスギ	那岐山
C12	ノーランディア	あらを
C3/4	ノラネコノタマ	雪野みなと
C27/28	ぱいんとさいず	TKS
B7	はちみつれもん	あいざわ
A5	はにーぽけっと	あき
B8	針の音楽	白鷺ゆっきー（白鹭雪）
B23	ひよこ缶	柏森たま。
A13	豚乙女	コンプ
D1/2	ましゅまろ・ＣＬＵＢ	小安陽子
A10	まらしぃ	まらしぃ
B5/6	Melodic Taste	taste
C29/30	悶KID	姉太郎
C25/26	焼き鳥フェニックス＆ぱいそんきっど	Mr.ぱいそん
C7	やわらか依存	青ぎ
A2	幽閉サテライト	嵯峨飛鳥
C8	Reverse Noise	やむっ
B18	ルナティック少年院	悪餓鬼
B31	Rainbow Vanilla	祭唄
D07	​ #こいch	杜基比
D23	@莓	草莓
E07	【嵐屋】	水嵐
D18	∀bb｢E Cider	玖楓　藍
E11	1991マワリxな梓	な梓
E16	Abyss Heavy Industries	Anderson
E09/10	Crest	JeetSIngh
C14	Kakela＊Hane	Anna
E06	Petites dame	小綠喵
D24	RS'Studio	緋色之鐮
D03	unicolor	swinhoii
B15	YANed多面向	YANed
E13/14	Yonder Voice	瑶山百霊
C13	がおのない夏	国羽浩人
E08	ジャージと愉快な仲間たち	bellwo
D10	メラニン50+	AAA
E01/02	二維鏡像-白阿尼	小黑
D17	十字風Crosswind	十字風
D16	上海 X Alice妄想樂團	雲山
D21	月下修羅場	艾利斯 MK2
E12	平行世界-二胡實驗室	二胡阿隆
E04	田書坊	虎紋蜜瓜
B17	白き星の夢	RURU
D15	回憶之風	漆黑
B16	命由工作室	とうか
D31/32	夜大大工作室	米
C17	東方(罪)攝刊	Miska
D28	東方幻域	Bin(1up)
D29/30	東方聯盟	東方子豪
D09	武器櫃	ラプトル7 
E05	長鏡頭＆人機同步	Nowhere
D26	雨夜上邪	夜喵
D19	恆萃工坊	胡逆天
D20	星之軒	星野翔翼
D14	秋橘種植園	秋橘
D25	桃華の痛銃工坊	MOMO子
D13	終末狂氣	葉荒
C15/16	被世界遺忘X火腿泡芙	哭哭喵
D06	雀形目鶲亞科	姬鶲
D05	焦糖猫々	小K
D27	萌妹子project	柳生
D08	黑貓的搖籃	Kurocat
D11	楓糖蛋塔	Ms06S
C18	極夜製作所	Deco
D04	撸哩	撸哩
E03	錯落交織 Interweave	夜夢
E15	雕蟲	鄭老人
D22	環球崩壞聯播網	Aloner
D12	翻譯工作室-四葉亭	Caro Cred
